id,IDUpgrade,NormalizedId,PBGID,CivilizationAbbreviation,CivilizationSlug,CivilizationAttributeName,ObjectId,ObjectName,ObjectNameType,ObjectDescription,BaseId,Name,AttributeName,Description,AvaiableAgeId,Hitpoints,Food,Gold,Wood,Stone,AgeId,VizierPoint,OliveOil,Total,Supply,Armor,Weapon,Aoe4AnalyticsGameVersion,Aoe4ReplayApiVersion,Aoe4ReplayApiBuild,Aoe4WorldAppVersion,Aoe4WorldAppDataChecksum,Aoe4WorldMajorVersion,Aoe4WorldDataRepositoryGitCommitHash
1,0,,125895,ab,abbasid,abbasid,elite-archers-4,Upgrade to Elite,upgrade,Upgrade Veteran Archers to Elite Archers.,elite-archers,Upgrade to Elite,upgrade_unit_archer_4,Upgrade Veteran Archers to Elite Archers.,4,,300,700,0,0,,0,0,,0,,,v4.0.0-build:2638,4.0.0,2638,2638,1211620643,0,76c0b81b2319339930f90189c55e8cb588923699
2,1,,200005,ab,abbasid,abbasid,elite-camel-archers-4,Upgrade to Elite,upgrade,Upgrade Veteran Camel Archers to Elite Camel Archers.,elite-camel-archers,Upgrade to Elite,upgrade_unit_camel_archer_4_abb,Upgrade Veteran Camel Archers to Elite Camel Archers.,4,,300,700,0,0,,0,0,,0,,,v4.0.0-build:2638,4.0.0,2638,2638,1211620643,0,76c0b81b2319339930f90189c55e8cb588923699
3,2,,200054,ab,abbasid,abbasid,elite-camel-riders-4,Upgrade to Elite,upgrade,Upgrade Camel Riders to Elite Camel Riders.,elite-camel-riders,Upgrade to Elite,upgrade_unit_camel_rider_4_abb,Upgrade Camel Riders to Elite Camel Riders.,4,,300,700,0,0,,0,0,,0,,,v4.0.0-build:2638,4.0.0,2638,2638,1211620643,0,76c0b81b2319339930f90189c55e8cb588923699
4,3,,124651,ab,abbasid,abbasid,elite-crossbowmen-4,Upgrade to Elite,upgrade,Upgrade Crossbowmen to Elite Crossbowmen.,elite-crossbowmen,Upgrade to Elite,upgrade_unit_crossbowman_4,Upgrade Crossbowmen to Elite Crossbowmen.,4,,300,700,0,0,,0,0,,0,,,v4.0.0-build:2638,4.0.0,2638,2638,1211620643,0,76c0b81b2319339930f90189c55e8cb588923699
5,4,,2133545,ab,abbasid,abbasid,elite-ghulam-4,Upgrade to Elite,upgrade,Upgrade Ghulam to Elite Ghulam.,elite-ghulam,Upgrade to Elite,upgrade_unit_manatarms_4_abb,Upgrade Ghulam to Elite Ghulam.,4,,300,700,0,0,,0,0,,0,,,v4.0.0-build:2638,4.0.0,2638,2638,1211620643,0,76c0b81b2319339930f90189c55e8cb588923699
6,5,,124725,ab,abbasid,abbasid,elite-horsemen-4,Upgrade to Elite,upgrade,Upgrade Veteran Horsemen to Elite Horsemen.,elite-horsemen,Upgrade to Elite,upgrade_unit_horseman_4,Upgrade Veteran Horsemen to Elite Horsemen.,4,,300,700,0,0,,0,0,,0,,,v4.0.0-build:2638,4.0.0,2638,2638,1211620643,0,76c0b81b2319339930f90189c55e8cb588923699
7,6,,124721,ab,abbasid,abbasid,elite-knights-or-lancers-4,Upgrade to Elite,upgrade,Upgrade Knights or Lancers to Elite Knights or Lancers.,elite-knights-or-lancers,Upgrade to Elite,upgrade_unit_knight_4,Upgrade Knights or Lancers to Elite Knights or Lancers.,4,,300,700,0,0,,0,0,,0,,,v4.0.0-build:2638,4.0.0,2638,2638,1211620643,0,76c0b81b2319339930f90189c55e8cb588923699
8,7,,124659,ab,abbasid,abbasid,elite-spearmen-4,Upgrade to Elite,upgrade,Upgrade Veteran Spearmen to Elite Spearmen.,elite-spearmen,Upgrade to Elite,upgrade_unit_spearman_4,Upgrade Veteran Spearmen to Elite Spearmen.,4,,300,700,0,0,,0,0,,0,,,v4.0.0-build:2638,4.0.0,2638,2638,1211620643,0,76c0b81b2319339930f90189c55e8cb588923699
9,8,,127174,ab,abbasid,abbasid,hardened-spearmen-2,Upgrade to Hardened,upgrade,Upgrade Spearmen to Hardened Spearmen.,hardened-spearmen,Upgrade to Hardened,upgrade_unit_spearman_2,Upgrade Spearmen to Hardened Spearmen.,2,,15,35,0,0,,0,0,,0,,,v4.0.0-build:2638,4.0.0,2638,2638,1211620643,0,76c0b81b2319339930f90189c55e8cb588923699
10,9,,170246,ab,abbasid,abbasid,veteran-archers-3,Upgrade to Veteran,upgrade,Upgrade Archers to Veteran Archers.,veteran-archers,Upgrade to Veteran,upgrade_unit_archer_3,Upgrade Archers to Veteran Archers.,3,,100,250,0,0,,0,0,,0,,,v4.0.0-build:2638,4.0.0,2638,2638,1211620643,0,76c0b81b2319339930f90189c55e8cb588923699
11,10,,200004,ab,abbasid,abbasid,veteran-camel-archers-3,Upgrade to Veteran,upgrade,Upgrade Camel Archers to Veteran Camel Archers.,veteran-camel-archers,Upgrade to Veteran,upgrade_unit_camel_archer_3_abb,Upgrade Camel Archers to Veteran Camel Archers.,3,,100,250,0,0,,0,0,,0,,,v4.0.0-build:2638,4.0.0,2638,2638,1211620643,0,76c0b81b2319339930f90189c55e8cb588923699
12,11,,124723,ab,abbasid,abbasid,veteran-horsemen-3,Upgrade to Veteran,upgrade,Upgrade Horsemen to Veteran Horsemen.,veteran-horsemen,Upgrade to Veteran,upgrade_unit_horseman_3,Upgrade Horsemen to Veteran Horsemen.,3,,100,250,0,0,,0,0,,0,,,v4.0.0-build:2638,4.0.0,2638,2638,1211620643,0,76c0b81b2319339930f90189c55e8cb588923699
13,12,,124662,ab,abbasid,abbasid,veteran-spearmen-3,Upgrade to Veteran,upgrade,Upgrade Hardened Spearmen to Veteran Spearmen.,veteran-spearmen,Upgrade to Veteran,upgrade_unit_spearman_3,Upgrade Hardened Spearmen to Veteran Spearmen.,3,,100,250,0,0,,0,0,,0,,,v4.0.0-build:2638,4.0.0,2638,2638,1211620643,0,76c0b81b2319339930f90189c55e8cb588923699
14,13,,124725,ja,japanese,japanese,elite-horsemen-4,Upgrade to Elite,upgrade,Upgrade Veteran Horsemen to Elite Horsemen.,elite-horsemen,Upgrade to Elite,upgrade_unit_horseman_4,Upgrade Veteran Horsemen to Elite Horsemen.,4,,300,700,0,0,,0,0,,0,,,v4.0.0-build:2638,4.0.0,2638,2638,1211620643,0,76c0b81b2319339930f90189c55e8cb588923699
15,14,,2127595,ja,japanese,japanese,elite-mounted-samurai-4,Upgrade to Elite,upgrade,Upgrade Mounted Samurai to Elite Mounted Samurai.,elite-mounted-samurai,Upgrade to Elite,upgrade_unit_knight_4_jpn,Upgrade Mounted Samurai to Elite Mounted Samurai.,4,,300,700,0,0,,0,0,,0,,,v4.0.0-build:2638,4.0.0,2638,2638,1211620643,0,76c0b81b2319339930f90189c55e8cb588923699
16,15,,2127203,ja,japanese,japanese,elite-onna-bugeisha-4,Upgrade to Elite,upgrade,Upgrade Veteran Onna-Bugeisha to Elite Onna-Bugeisha.,elite-onna-bugeisha,Upgrade to Elite,upgrade_unit_onna_bugeisha_4_jpn,Upgrade Veteran Onna-Bugeisha to Elite Onna-Bugeisha.,4,,300,700,0,0,,0,0,,0,,,v4.0.0-build:2638,4.0.0,2638,2638,1211620643,0,76c0b81b2319339930f90189c55e8cb588923699
17,16,,2127256,ja,japanese,japanese,elite-onna-musha-4,Upgrade to Elite,upgrade,Upgrade Onna-Musha to Elite Onna-Musha.,elite-onna-musha,Upgrade to Elite,upgrade_unit_horsearcher_4_jpn,Upgrade Onna-Musha to Elite Onna-Musha.,4,,300,700,0,0,,0,0,,0,,,v4.0.0-build:2638,4.0.0,2638,2638,1211620643,0,76c0b81b2319339930f90189c55e8cb588923699
18,17,,2121990,ja,japanese,japanese,elite-samurai-4,Upgrade to Elite,upgrade,Upgrade Veteran Samurai to Elite Samurai.,elite-samurai,Upgrade to Elite,upgrade_unit_manatarms_4_jpn,Upgrade Veteran Samurai to Elite Samurai.,4,,300,700,0,0,,0,0,,0,,,v4.0.0-build:2638,4.0.0,2638,2638,1211620643,0,76c0b81b2319339930f90189c55e8cb588923699
19,18,,124659,ja,japanese,japanese,elite-spearmen-4,Upgrade to Elite,upgrade,Upgrade Veteran Spearmen to Elite Spearmen.,elite-spearmen,Upgrade to Elite,upgrade_unit_spearman_4,Upgrade Veteran Spearmen to Elite Spearmen.,4,,300,700,0,0,,0,0,,0,,,v4.0.0-build:2638,4.0.0,2638,2638,1211620643,0,76c0b81b2319339930f90189c55e8cb588923699
20,19,,2127612,ja,japanese,japanese,elite-yumi-ashigaru-4,Upgrade to Elite,upgrade,Upgrade Veteran Yumi Ashigaru to Elite Yumi Ashigaru.,elite-yumi-ashigaru,Upgrade to Elite,upgrade_unit_archer_4_jpn,Upgrade Veteran Yumi Ashigaru to Elite Yumi Ashigaru.,4,,300,700,0,0,,0,0,,0,,,v4.0.0-build:2638,4.0.0,2638,2638,1211620643,0,76c0b81b2319339930f90189c55e8cb588923699
21,20,,2121988,ja,japanese,japanese,hardened-samurai-2,Upgrade to Hardened,upgrade,Upgrade Samurai to Hardened Samurai.,hardened-samurai,Upgrade to Hardened,upgrade_unit_manatarms_2_jpn,Upgrade Samurai to Hardened Samurai.,2,,15,35,0,0,,0,0,,0,,,v4.0.0-build:2638,4.0.0,2638,2638,1211620643,0,76c0b81b2319339930f90189c55e8cb588923699
22,21,,127174,ja,japanese,japanese,hardened-spearmen-2,Upgrade to Hardened,upgrade,Upgrade Spearmen to Hardened Spearmen.,hardened-spearmen,Upgrade to Hardened,upgrade_unit_spearman_2,Upgrade Spearmen to Hardened Spearmen.,2,,15,35,0,0,,0,0,,0,,,v4.0.0-build:2638,4.0.0,2638,2638,1211620643,0,76c0b81b2319339930f90189c55e8cb588923699
23,22,,124723,ja,japanese,japanese,veteran-horsemen-3,Upgrade to Veteran,upgrade,Upgrade Horsemen to Veteran Horsemen.,veteran-horsemen,Upgrade to Veteran,upgrade_unit_horseman_3,Upgrade Horsemen to Veteran Horsemen.,3,,100,250,0,0,,0,0,,0,,,v4.0.0-build:2638,4.0.0,2638,2638,1211620643,0,76c0b81b2319339930f90189c55e8cb588923699
24,23,,2127202,ja,japanese,japanese,veteran-onna-bugeisha-3,Upgrade to Veteran,upgrade,Upgrade Onna-Bugeisha to Veteran Onna-Bugeisha.,veteran-onna-bugeisha,Upgrade to Veteran,upgrade_unit_onna_bugeisha_3_jpn,Upgrade Onna-Bugeisha to Veteran Onna-Bugeisha.,3,,100,250,0,0,,0,0,,0,,,v4.0.0-build:2638,4.0.0,2638,2638,1211620643,0,76c0b81b2319339930f90189c55e8cb588923699
25,24,,2121989,ja,japanese,japanese,veteran-samurai-3,Upgrade to Veteran,upgrade,Upgrade Hardened Samurai to Veteran Samurai.,veteran-samurai,Upgrade to Veteran,upgrade_unit_manatarms_3_jpn,Upgrade Hardened Samurai to Veteran Samurai.,3,,50,125,0,0,,0,0,,0,,,v4.0.0-build:2638,4.0.0,2638,2638,1211620643,0,76c0b81b2319339930f90189c55e8cb588923699
26,25,,124662,ja,japanese,japanese,veteran-spearmen-3,Upgrade to Veteran,upgrade,Upgrade Hardened Spearmen to Veteran Spearmen.,veteran-spearmen,Upgrade to Veteran,upgrade_unit_spearman_3,Upgrade Hardened Spearmen to Veteran Spearmen.,3,,100,250,0,0,,0,0,,0,,,v4.0.0-build:2638,4.0.0,2638,2638,1211620643,0,76c0b81b2319339930f90189c55e8cb588923699
27,26,,2127611,ja,japanese,japanese,veteran-yumi-ashigaru-3,Upgrade to Veteran,upgrade,Upgrade Yumi Ashigaru to Veteran Yumi Ashigaru.,veteran-yumi-ashigaru,Upgrade to Veteran,upgrade_unit_archer_3_jpn,Upgrade Yumi Ashigaru to Veteran Yumi Ashigaru.,3,,100,250,0,0,,0,0,,0,,,v4.0.0-build:2638,4.0.0,2638,2638,1211620643,0,76c0b81b2319339930f90189c55e8cb588923699
28,27,,125895,ay,ayyubids,abbasid_ha_01,elite-archers-4,Upgrade to Elite,upgrade,Upgrade Veteran Archers to Elite Archers.,elite-archers,Upgrade to Elite,upgrade_unit_archer_4,Upgrade Veteran Archers to Elite Archers.,4,,300,700,0,0,,0,0,,0,,,v4.0.0-build:2638,4.0.0,2638,2638,1211620643,0,76c0b81b2319339930f90189c55e8cb588923699
29,28,,2146215,ay,ayyubids,abbasid_ha_01,elite-camel-lancers-4,Upgrade to Elite,upgrade,Upgrade Camel Lancers to Elite Camel Lancers.,elite-camel-lancers,Upgrade to Elite,upgrade_unit_camel_lancer_4_abb_ha_01,Upgrade Camel Lancers to Elite Camel Lancers.,4,,300,700,0,0,,0,0,,0,,,v4.0.0-build:2638,4.0.0,2638,2638,1211620643,0,76c0b81b2319339930f90189c55e8cb588923699
30,29,,124651,ay,ayyubids,abbasid_ha_01,elite-crossbowmen-4,Upgrade to Elite,upgrade,Upgrade Crossbowmen to Elite Crossbowmen.,elite-crossbowmen,Upgrade to Elite,upgrade_unit_crossbowman_4,Upgrade Crossbowmen to Elite Crossbowmen.,4,,300,700,0,0,,0,0,,0,,,v4.0.0-build:2638,4.0.0,2638,2638,1211620643,0,76c0b81b2319339930f90189c55e8cb588923699
31,30,,2146214,ay,ayyubids,abbasid_ha_01,elite-desert-raiders-4,Upgrade to Elite,upgrade,Upgrade Veteran Desert Raiders to Elite Desert Raiders.,elite-desert-raiders,Upgrade to Elite,upgrade_unit_mamluk_4_abb_ha_01,Upgrade Veteran Desert Raiders to Elite Desert Raiders.,4,,300,700,0,0,,0,0,,0,,,v4.0.0-build:2638,4.0.0,2638,2638,1211620643,0,76c0b81b2319339930f90189c55e8cb588923699
32,31,,2133545,ay,ayyubids,abbasid_ha_01,elite-ghulam-4,Upgrade to Elite,upgrade,Upgrade Ghulam to Elite Ghulam.,elite-ghulam,Upgrade to Elite,upgrade_unit_manatarms_4_abb,Upgrade Ghulam to Elite Ghulam.,4,,300,700,0,0,,0,0,,0,,,v4.0.0-build:2638,4.0.0,2638,2638,1211620643,0,76c0b81b2319339930f90189c55e8cb588923699
33,32,,124725,ay,ayyubids,abbasid_ha_01,elite-horsemen-4,Upgrade to Elite,upgrade,Upgrade Veteran Horsemen to Elite Horsemen.,elite-horsemen,Upgrade to Elite,upgrade_unit_horseman_4,Upgrade Veteran Horsemen to Elite Horsemen.,4,,300,700,0,0,,0,0,,0,,,v4.0.0-build:2638,4.0.0,2638,2638,1211620643,0,76c0b81b2319339930f90189c55e8cb588923699
34,33,,124659,ay,ayyubids,abbasid_ha_01,elite-spearmen-4,Upgrade to Elite,upgrade,Upgrade Veteran Spearmen to Elite Spearmen.,elite-spearmen,Upgrade to Elite,upgrade_unit_spearman_4,Upgrade Veteran Spearmen to Elite Spearmen.,4,,300,700,0,0,,0,0,,0,,,v4.0.0-build:2638,4.0.0,2638,2638,1211620643,0,76c0b81b2319339930f90189c55e8cb588923699
35,34,,127174,ay,ayyubids,abbasid_ha_01,hardened-spearmen-2,Upgrade to Hardened,upgrade,Upgrade Spearmen to Hardened Spearmen.,hardened-spearmen,Upgrade to Hardened,upgrade_unit_spearman_2,Upgrade Spearmen to Hardened Spearmen.,2,,15,35,0,0,,0,0,,0,,,v4.0.0-build:2638,4.0.0,2638,2638,1211620643,0,76c0b81b2319339930f90189c55e8cb588923699
36,35,,170246,ay,ayyubids,abbasid_ha_01,veteran-archers-3,Upgrade to Veteran,upgrade,Upgrade Archers to Veteran Archers.,veteran-archers,Upgrade to Veteran,upgrade_unit_archer_3,Upgrade Archers to Veteran Archers.,3,,100,250,0,0,,0,0,,0,,,v4.0.0-build:2638,4.0.0,2638,2638,1211620643,0,76c0b81b2319339930f90189c55e8cb588923699
37,36,,2146213,ay,ayyubids,abbasid_ha_01,veteran-desert-raiders-3,Upgrade to Veteran,upgrade,Upgrade Desert Raiders to Veteran Desert Raiders.,veteran-desert-raiders,Upgrade to Veteran,upgrade_unit_mamluk_3_abb_ha_01,Upgrade Desert Raiders to Veteran Desert Raiders.,3,,100,250,0,0,,0,0,,0,,,v4.0.0-build:2638,4.0.0,2638,2638,1211620643,0,76c0b81b2319339930f90189c55e8cb588923699
38,37,,124723,ay,ayyubids,abbasid_ha_01,veteran-horsemen-3,Upgrade to Veteran,upgrade,Upgrade Horsemen to Veteran Horsemen.,veteran-horsemen,Upgrade to Veteran,upgrade_unit_horseman_3,Upgrade Horsemen to Veteran Horsemen.,3,,100,250,0,0,,0,0,,0,,,v4.0.0-build:2638,4.0.0,2638,2638,1211620643,0,76c0b81b2319339930f90189c55e8cb588923699
39,38,,124662,ay,ayyubids,abbasid_ha_01,veteran-spearmen-3,Upgrade to Veteran,upgrade,Upgrade Hardened Spearmen to Veteran Spearmen.,veteran-spearmen,Upgrade to Veteran,upgrade_unit_spearman_3,Upgrade Hardened Spearmen to Veteran Spearmen.,3,,100,250,0,0,,0,0,,0,,,v4.0.0-build:2638,4.0.0,2638,2638,1211620643,0,76c0b81b2319339930f90189c55e8cb588923699
40,39,,125895,by,byzantines,byzantine,elite-archers-4,Upgrade to Elite,upgrade,Upgrade Veteran Archers to Elite Archers.,elite-archers,Upgrade to Elite,upgrade_unit_archer_4,Upgrade Veteran Archers to Elite Archers.,4,,300,700,0,0,,0,0,,0,,,v4.0.0-build:2638,4.0.0,2638,2638,1211620643,0,76c0b81b2319339930f90189c55e8cb588923699
41,40,,2146683,by,byzantines,byzantine,elite-cataphracts-4,Upgrade to Elite,upgrade,Upgrade Cataphracts to Elite Cataphracts,elite-cataphracts,Upgrade to Elite,upgrade_unit_knight_4_byz,Upgrade Cataphracts to Elite Cataphracts,4,,300,700,0,0,,0,0,,0,,,v4.0.0-build:2638,4.0.0,2638,2638,1211620643,0,76c0b81b2319339930f90189c55e8cb588923699
42,41,,124651,by,byzantines,byzantine,elite-crossbowmen-4,Upgrade to Elite,upgrade,Upgrade Crossbowmen to Elite Crossbowmen.,elite-crossbowmen,Upgrade to Elite,upgrade_unit_crossbowman_4,Upgrade Crossbowmen to Elite Crossbowmen.,4,,300,700,0,0,,0,0,,0,,,v4.0.0-build:2638,4.0.0,2638,2638,1211620643,0,76c0b81b2319339930f90189c55e8cb588923699
43,42,,124725,by,byzantines,byzantine,elite-horsemen-4,Upgrade to Elite,upgrade,Upgrade Veteran Horsemen to Elite Horsemen.,elite-horsemen,Upgrade to Elite,upgrade_unit_horseman_4,Upgrade Veteran Horsemen to Elite Horsemen.,4,,300,700,0,0,,0,0,,0,,,v4.0.0-build:2638,4.0.0,2638,2638,1211620643,0,76c0b81b2319339930f90189c55e8cb588923699
44,43,,2146686,by,byzantines,byzantine,elite-limitanei-4,Upgrade to Elite,upgrade,Upgrade Veteran Limitanei to Elite Limitanei,elite-limitanei,Upgrade to Elite,upgrade_unit_spearman_4_byz,Upgrade Veteran Limitanei to Elite Limitanei,4,,300,700,0,0,,0,0,,0,,,v4.0.0-build:2638,4.0.0,2638,2638,1211620643,0,76c0b81b2319339930f90189c55e8cb588923699
45,44,,2146687,by,byzantines,byzantine,elite-varangian-guard-4,Upgrade to Elite,upgrade,Upgrade Varangian Guard to Elite Varangian Guard,elite-varangian-guard,Upgrade to Elite,upgrade_unit_manatarms_4_byz,Upgrade Varangian Guard to Elite Varangian Guard,4,,300,700,0,0,,0,0,,0,,,v4.0.0-build:2638,4.0.0,2638,2638,1211620643,0,76c0b81b2319339930f90189c55e8cb588923699
46,45,,2146684,by,byzantines,byzantine,hardened-limitanei-2,Upgrade to Hardened,upgrade,Upgrade Limitanei to Hardened Limitanei,hardened-limitanei,Upgrade to Hardened,upgrade_unit_spearman_2_byz,Upgrade Limitanei to Hardened Limitanei,2,,15,35,0,0,,0,0,,0,,,v4.0.0-build:2638,4.0.0,2638,2638,1211620643,0,76c0b81b2319339930f90189c55e8cb588923699
47,46,,170246,by,byzantines,byzantine,veteran-archers-3,Upgrade to Veteran,upgrade,Upgrade Archers to Veteran Archers.,veteran-archers,Upgrade to Veteran,upgrade_unit_archer_3,Upgrade Archers to Veteran Archers.,3,,100,250,0,0,,0,0,,0,,,v4.0.0-build:2638,4.0.0,2638,2638,1211620643,0,76c0b81b2319339930f90189c55e8cb588923699
48,47,,124723,by,byzantines,byzantine,veteran-horsemen-3,Upgrade to Veteran,upgrade,Upgrade Horsemen to Veteran Horsemen.,veteran-horsemen,Upgrade to Veteran,upgrade_unit_horseman_3,Upgrade Horsemen to Veteran Horsemen.,3,,100,250,0,0,,0,0,,0,,,v4.0.0-build:2638,4.0.0,2638,2638,1211620643,0,76c0b81b2319339930f90189c55e8cb588923699
49,48,,2146685,by,byzantines,byzantine,veteran-limitanei-3,Upgrade to Veteran,upgrade,Upgrade Hardened Limitanei to Veteran Limitanei,veteran-limitanei,Upgrade to Veteran,upgrade_unit_spearman_3_byz,Upgrade Hardened Limitanei to Veteran Limitanei,3,,100,250,0,0,,0,0,,0,,,v4.0.0-build:2638,4.0.0,2638,2638,1211620643,0,76c0b81b2319339930f90189c55e8cb588923699
50,49,,125895,ch,chinese,chinese,elite-archers-4,Upgrade to Elite,upgrade,Upgrade Veteran Archers to Elite Archers.,elite-archers,Upgrade to Elite,upgrade_unit_archer_4,Upgrade Veteran Archers to Elite Archers.,4,,300,700,0,0,,0,0,,0,,,v4.0.0-build:2638,4.0.0,2638,2638,1211620643,0,76c0b81b2319339930f90189c55e8cb588923699
51,50,,124651,ch,chinese,chinese,elite-crossbowmen-4,Upgrade to Elite,upgrade,Upgrade Crossbowmen to Elite Crossbowmen.,elite-crossbowmen,Upgrade to Elite,upgrade_unit_crossbowman_4,Upgrade Crossbowmen to Elite Crossbowmen.,4,,300,700,0,0,,0,0,,0,,,v4.0.0-build:2638,4.0.0,2638,2638,1211620643,0,76c0b81b2319339930f90189c55e8cb588923699
52,51,,156372,ch,chinese,chinese,elite-fire-lancers-4,Upgrade to Elite Fire Lancer,upgrade,Upgrade Fire Lancers to Elite Fire Lancers.,elite-fire-lancers,Upgrade to Elite Fire Lancer,upgrade_unit_firelancer_4_chi,Upgrade Fire Lancers to Elite Fire Lancers.,4,,300,700,0,0,,0,0,,0,,,v4.0.0-build:2638,4.0.0,2638,2638,1211620643,0,76c0b81b2319339930f90189c55e8cb588923699
53,52,,124725,ch,chinese,chinese,elite-horsemen-4,Upgrade to Elite,upgrade,Upgrade Veteran Horsemen to Elite Horsemen.,elite-horsemen,Upgrade to Elite,upgrade_unit_horseman_4,Upgrade Veteran Horsemen to Elite Horsemen.,4,,300,700,0,0,,0,0,,0,,,v4.0.0-build:2638,4.0.0,2638,2638,1211620643,0,76c0b81b2319339930f90189c55e8cb588923699
54,53,,124721,ch,chinese,chinese,elite-knights-or-lancers-4,Upgrade to Elite,upgrade,Upgrade Knights or Lancers to Elite Knights or Lancers.,elite-knights-or-lancers,Upgrade to Elite,upgrade_unit_knight_4,Upgrade Knights or Lancers to Elite Knights or Lancers.,4,,300,700,0,0,,0,0,,0,,,v4.0.0-build:2638,4.0.0,2638,2638,1211620643,0,76c0b81b2319339930f90189c55e8cb588923699
55,54,,2028081,ch,chinese,chinese,elite-palace-guards-4,Upgrade to Elite,upgrade,Upgrade Palace Guards to Elite Palace Guards.,elite-palace-guards,Upgrade to Elite,upgrade_unit_manatarms_4_chi,Upgrade Palace Guards to Elite Palace Guards.,4,,300,700,0,0,,0,0,,0,,,v4.0.0-build:2638,4.0.0,2638,2638,1211620643,0,76c0b81b2319339930f90189c55e8cb588923699
56,55,,124659,ch,chinese,chinese,elite-spearmen-4,Upgrade to Elite,upgrade,Upgrade Veteran Spearmen to Elite Spearmen.,elite-spearmen,Upgrade to Elite,upgrade_unit_spearman_4,Upgrade Veteran Spearmen to Elite Spearmen.,4,,300,700,0,0,,0,0,,0,,,v4.0.0-build:2638,4.0.0,2638,2638,1211620643,0,76c0b81b2319339930f90189c55e8cb588923699
57,56,,166639,ch,chinese,chinese,elite-zhuge-nu-4,Upgrade to Elite,upgrade,Upgrade Veteran Zhuge Nu to Elite Zhuge Nu.,elite-zhuge-nu,Upgrade to Elite,upgrade_unit_repeater_crossbow_4_chi,Upgrade Veteran Zhuge Nu to Elite Zhuge Nu.,4,,300,700,0,0,,0,0,,0,,,v4.0.0-build:2638,4.0.0,2638,2638,1211620643,0,76c0b81b2319339930f90189c55e8cb588923699
58,57,,127174,ch,chinese,chinese,hardened-spearmen-2,Upgrade to Hardened,upgrade,Upgrade Spearmen to Hardened Spearmen.,hardened-spearmen,Upgrade to Hardened,upgrade_unit_spearman_2,Upgrade Spearmen to Hardened Spearmen.,2,,15,35,0,0,,0,0,,0,,,v4.0.0-build:2638,4.0.0,2638,2638,1211620643,0,76c0b81b2319339930f90189c55e8cb588923699
59,58,,170246,ch,chinese,chinese,veteran-archers-3,Upgrade to Veteran,upgrade,Upgrade Archers to Veteran Archers.,veteran-archers,Upgrade to Veteran,upgrade_unit_archer_3,Upgrade Archers to Veteran Archers.,3,,100,250,0,0,,0,0,,0,,,v4.0.0-build:2638,4.0.0,2638,2638,1211620643,0,76c0b81b2319339930f90189c55e8cb588923699
60,59,,124723,ch,chinese,chinese,veteran-horsemen-3,Upgrade to Veteran,upgrade,Upgrade Horsemen to Veteran Horsemen.,veteran-horsemen,Upgrade to Veteran,upgrade_unit_horseman_3,Upgrade Horsemen to Veteran Horsemen.,3,,100,250,0,0,,0,0,,0,,,v4.0.0-build:2638,4.0.0,2638,2638,1211620643,0,76c0b81b2319339930f90189c55e8cb588923699
61,60,,124662,ch,chinese,chinese,veteran-spearmen-3,Upgrade to Veteran,upgrade,Upgrade Hardened Spearmen to Veteran Spearmen.,veteran-spearmen,Upgrade to Veteran,upgrade_unit_spearman_3,Upgrade Hardened Spearmen to Veteran Spearmen.,3,,100,250,0,0,,0,0,,0,,,v4.0.0-build:2638,4.0.0,2638,2638,1211620643,0,76c0b81b2319339930f90189c55e8cb588923699
62,61,,166638,ch,chinese,chinese,veteran-zhuge-nu-3,Upgrade to Veteran,upgrade,Upgrade Zhuge Nu to Veteran Zhuge Nu.,veteran-zhuge-nu,Upgrade to Veteran,upgrade_unit_repeater_crossbow_3_chi,Upgrade Zhuge Nu to Veteran Zhuge Nu.,3,,100,250,0,0,,0,0,,0,,,v4.0.0-build:2638,4.0.0,2638,2638,1211620643,0,76c0b81b2319339930f90189c55e8cb588923699
63,62,,181857,de,delhi,sultanate,elite-archers-4,Upgrade to Elite,upgrade,Upgrade Veteran Archers to Elite Archers.,elite-archers,Upgrade to Elite,upgrade_unit_archer_4_sul,Upgrade Veteran Archers to Elite Archers.,4,,0,0,0,0,,0,0,,0,,,v4.0.0-build:2638,4.0.0,2638,2638,1211620643,0,76c0b81b2319339930f90189c55e8cb588923699
64,63,,181860,de,delhi,sultanate,elite-crossbowmen-4,Upgrade to Elite,upgrade,Upgrade Crossbowmen to Elite Crossbowmen.,elite-crossbowmen,Upgrade to Elite,upgrade_unit_crossbowman_4_sul,Upgrade Crossbowmen to Elite Crossbowmen.,4,,0,0,0,0,,0,0,,0,,,v4.0.0-build:2638,4.0.0,2638,2638,1211620643,0,76c0b81b2319339930f90189c55e8cb588923699
65,64,,181865,de,delhi,sultanate,elite-ghazi-raiders-4,Upgrade to Elite,upgrade,Upgrade Veteran Ghazi Raiders to Elite Ghazi Raiders.,elite-ghazi-raiders,Upgrade to Elite,upgrade_unit_horseman_4_sul,Upgrade Veteran Ghazi Raiders to Elite Ghazi Raiders.,4,,0,0,0,0,,0,0,,0,,,v4.0.0-build:2638,4.0.0,2638,2638,1211620643,0,76c0b81b2319339930f90189c55e8cb588923699
66,65,,181866,de,delhi,sultanate,elite-knights-or-lancers-4,Upgrade to Elite,upgrade,Upgrade Knights or Lancers to Elite Knights or Lancers.,elite-knights-or-lancers,Upgrade to Elite,upgrade_unit_knight_4_sul,Upgrade Knights or Lancers to Elite Knights or Lancers.,4,,0,0,0,0,,0,0,,0,,,v4.0.0-build:2638,4.0.0,2638,2638,1211620643,0,76c0b81b2319339930f90189c55e8cb588923699
67,66,,181867,de,delhi,sultanate,elite-men-at-arms-4,Upgrade to Elite,upgrade,Upgrade Men-at-Arms to Elite Men-at-Arms.,elite-men-at-arms,Upgrade to Elite,upgrade_unit_manatarms_4_sul,Upgrade Men-at-Arms to Elite Men-at-Arms.,4,,0,0,0,0,,0,0,,0,,,v4.0.0-build:2638,4.0.0,2638,2638,1211620643,0,76c0b81b2319339930f90189c55e8cb588923699
68,67,,181873,de,delhi,sultanate,elite-spearmen-4,Upgrade to Elite,upgrade,Upgrade Veteran Spearmen to Elite Spearmen.,elite-spearmen,Upgrade to Elite,upgrade_unit_spearman_4_sul,Upgrade Veteran Spearmen to Elite Spearmen.,4,,0,0,0,0,,0,0,,0,,,v4.0.0-build:2638,4.0.0,2638,2638,1211620643,0,76c0b81b2319339930f90189c55e8cb588923699
69,68,,181871,de,delhi,sultanate,hardened-spearmen-2,Upgrade to Hardened,upgrade,Upgrade Spearmen to Hardened Spearmen.,hardened-spearmen,Upgrade to Hardened,upgrade_unit_spearman_2_sul,Upgrade Spearmen to Hardened Spearmen.,2,,0,0,0,0,,0,0,,0,,,v4.0.0-build:2638,4.0.0,2638,2638,1211620643,0,76c0b81b2319339930f90189c55e8cb588923699
70,69,,181855,de,delhi,sultanate,veteran-archers-3,Upgrade to Veteran,upgrade,Upgrade Archers to Veteran Archers.,veteran-archers,Upgrade to Veteran,upgrade_unit_archer_3_sul,Upgrade Archers to Veteran Archers.,3,,0,0,0,0,,0,0,,0,,,v4.0.0-build:2638,4.0.0,2638,2638,1211620643,0,76c0b81b2319339930f90189c55e8cb588923699
71,70,,181864,de,delhi,sultanate,veteran-ghazi-raiders-3,Upgrade to Veteran,upgrade,Upgrade Ghazi Raiders to Veteran Ghazi Raiders.,veteran-ghazi-raiders,Upgrade to Veteran,upgrade_unit_horseman_3_sul,Upgrade Ghazi Raiders to Veteran Ghazi Raiders.,3,,0,0,0,0,,0,0,,0,,,v4.0.0-build:2638,4.0.0,2638,2638,1211620643,0,76c0b81b2319339930f90189c55e8cb588923699
72,71,,181872,de,delhi,sultanate,veteran-spearmen-3,Upgrade to Veteran,upgrade,Upgrade Hardened Spearmen to Veteran Spearmen.,veteran-spearmen,Upgrade to Veteran,upgrade_unit_spearman_3_sul,Upgrade Hardened Spearmen to Veteran Spearmen.,3,,0,0,0,0,,0,0,,0,,,v4.0.0-build:2638,4.0.0,2638,2638,1211620643,0,76c0b81b2319339930f90189c55e8cb588923699
73,72,,131032,en,english,english,early-men-at-arms-2,Upgrade to Early,upgrade,Upgrade Vanguard Men-at-Arms to Early Men-at-Arms.,early-men-at-arms,Upgrade to Early,upgrade_unit_manatarms_2_eng,Upgrade Vanguard Men-at-Arms to Early Men-at-Arms.,2,,15,35,0,0,,0,0,,0,,,v4.0.0-build:2638,4.0.0,2638,2638,1211620643,0,76c0b81b2319339930f90189c55e8cb588923699
74,73,,124651,en,english,english,elite-crossbowmen-4,Upgrade to Elite,upgrade,Upgrade Crossbowmen to Elite Crossbowmen.,elite-crossbowmen,Upgrade to Elite,upgrade_unit_crossbowman_4,Upgrade Crossbowmen to Elite Crossbowmen.,4,,300,700,0,0,,0,0,,0,,,v4.0.0-build:2638,4.0.0,2638,2638,1211620643,0,76c0b81b2319339930f90189c55e8cb588923699
75,74,,124725,en,english,english,elite-horsemen-4,Upgrade to Elite,upgrade,Upgrade Veteran Horsemen to Elite Horsemen.,elite-horsemen,Upgrade to Elite,upgrade_unit_horseman_4,Upgrade Veteran Horsemen to Elite Horsemen.,4,,300,700,0,0,,0,0,,0,,,v4.0.0-build:2638,4.0.0,2638,2638,1211620643,0,76c0b81b2319339930f90189c55e8cb588923699
76,75,,124721,en,english,english,elite-knights-or-lancers-4,Upgrade to Elite,upgrade,Upgrade Knights or Lancers to Elite Knights or Lancers.,elite-knights-or-lancers,Upgrade to Elite,upgrade_unit_knight_4,Upgrade Knights or Lancers to Elite Knights or Lancers.,4,,300,700,0,0,,0,0,,0,,,v4.0.0-build:2638,4.0.0,2638,2638,1211620643,0,76c0b81b2319339930f90189c55e8cb588923699
77,76,,129415,en,english,english,elite-longbowmen-4,Upgrade to Elite,upgrade,Upgrade Veteran Longbowmen to Elite Longbowmen.,elite-longbowmen,Upgrade to Elite,upgrade_unit_archer_4_eng,Upgrade Veteran Longbowmen to Elite Longbowmen.,4,,300,700,0,0,,0,0,,0,,,v4.0.0-build:2638,4.0.0,2638,2638,1211620643,0,76c0b81b2319339930f90189c55e8cb588923699
78,77,,131034,en,english,english,elite-men-at-arms-4,Upgrade to Elite,upgrade,Upgrade Men-at-Arms to Elite Men-at-Arms.,elite-men-at-arms,Upgrade to Elite,upgrade_unit_manatarms_4_eng,Upgrade Men-at-Arms to Elite Men-at-Arms.,4,,300,700,0,0,,0,0,,0,,,v4.0.0-build:2638,4.0.0,2638,2638,1211620643,0,76c0b81b2319339930f90189c55e8cb588923699
79,78,,131052,en,english,english,elite-spearmen-4,Upgrade to Elite,upgrade,Upgrade Veteran Spearmen to Elite Spearmen.,elite-spearmen,Upgrade to Elite,upgrade_unit_spearman_4_eng,Upgrade Veteran Spearmen to Elite Spearmen.,4,,300,700,0,0,,0,0,,0,,,v4.0.0-build:2638,4.0.0,2638,2638,1211620643,0,76c0b81b2319339930f90189c55e8cb588923699
80,79,,131033,en,english,english,men-at-arms-3,Upgrade to Man-at-Arms,upgrade,Upgrade Early Men-at-Arms to Men-at-Arms.,men-at-arms,Upgrade to Man-at-Arms,upgrade_unit_manatarms_3_eng,Upgrade Early Men-at-Arms to Men-at-Arms.,3,,50,125,0,0,,0,0,,0,,,v4.0.0-build:2638,4.0.0,2638,2638,1211620643,0,76c0b81b2319339930f90189c55e8cb588923699
81,80,,124723,en,english,english,veteran-horsemen-3,Upgrade to Veteran,upgrade,Upgrade Horsemen to Veteran Horsemen.,veteran-horsemen,Upgrade to Veteran,upgrade_unit_horseman_3,Upgrade Horsemen to Veteran Horsemen.,3,,100,250,0,0,,0,0,,0,,,v4.0.0-build:2638,4.0.0,2638,2638,1211620643,0,76c0b81b2319339930f90189c55e8cb588923699
82,81,,129414,en,english,english,veteran-longbowmen-3,Upgrade to Veteran,upgrade,Upgrade Longbowmen to Veteran Longbowmen.,veteran-longbowmen,Upgrade to Veteran,upgrade_unit_archer_3_eng,Upgrade Longbowmen to Veteran Longbowmen.,3,,100,250,0,0,,0,0,,0,,,v4.0.0-build:2638,4.0.0,2638,2638,1211620643,0,76c0b81b2319339930f90189c55e8cb588923699
83,82,,131051,en,english,english,veteran-spearmen-3,Upgrade to Veteran,upgrade,Upgrade Hardened Spearmen to Veteran Spearmen.,veteran-spearmen,Upgrade to Veteran,upgrade_unit_spearman_3_eng,Upgrade Hardened Spearmen to Veteran Spearmen.,3,,100,250,0,0,,0,0,,0,,,v4.0.0-build:2638,4.0.0,2638,2638,1211620643,0,76c0b81b2319339930f90189c55e8cb588923699
84,83,,1601627,fr,french,french,elite-arbaletriers-4,Upgrade to Elite,upgrade,Upgrade Arbalétriers to Elite Arbalétriers.,elite-arbaletriers,Upgrade to Elite,upgrade_unit_crossbowman_4_fre,Upgrade Arbalétriers to Elite Arbalétriers.,4,,300,700,0,0,,0,0,,0,,,v4.0.0-build:2638,4.0.0,2638,2638,1211620643,0,76c0b81b2319339930f90189c55e8cb588923699
85,84,,125895,fr,french,french,elite-archers-4,Upgrade to Elite,upgrade,Upgrade Veteran Archers to Elite Archers.,elite-archers,Upgrade to Elite,upgrade_unit_archer_4,Upgrade Veteran Archers to Elite Archers.,4,,300,700,0,0,,0,0,,0,,,v4.0.0-build:2638,4.0.0,2638,2638,1211620643,0,76c0b81b2319339930f90189c55e8cb588923699
86,85,,124725,fr,french,french,elite-horsemen-4,Upgrade to Elite,upgrade,Upgrade Veteran Horsemen to Elite Horsemen.,elite-horsemen,Upgrade to Elite,upgrade_unit_horseman_4,Upgrade Veteran Horsemen to Elite Horsemen.,4,,300,700,0,0,,0,0,,0,,,v4.0.0-build:2638,4.0.0,2638,2638,1211620643,0,76c0b81b2319339930f90189c55e8cb588923699
87,86,,124660,fr,french,french,elite-men-at-arms-4,Upgrade to Elite,upgrade,Upgrade Men-at-Arms to Elite Men-at-Arms.,elite-men-at-arms,Upgrade to Elite,upgrade_unit_manatarms_4,Upgrade Men-at-Arms to Elite Men-at-Arms.,4,,300,700,0,0,,0,0,,0,,,v4.0.0-build:2638,4.0.0,2638,2638,1211620643,0,76c0b81b2319339930f90189c55e8cb588923699
88,87,,133148,fr,french,french,elite-royal-knights-4,Upgrade to Elite,upgrade,Upgrade Veteran Royal Knights to Elite Royal Knights.,elite-royal-knights,Upgrade to Elite,upgrade_unit_knight_4_fre,Upgrade Veteran Royal Knights to Elite Royal Knights.,4,,300,700,0,0,,0,0,,0,,,v4.0.0-build:2638,4.0.0,2638,2638,1211620643,0,76c0b81b2319339930f90189c55e8cb588923699
89,88,,124659,fr,french,french,elite-spearmen-4,Upgrade to Elite,upgrade,Upgrade Veteran Spearmen to Elite Spearmen.,elite-spearmen,Upgrade to Elite,upgrade_unit_spearman_4,Upgrade Veteran Spearmen to Elite Spearmen.,4,,300,700,0,0,,0,0,,0,,,v4.0.0-build:2638,4.0.0,2638,2638,1211620643,0,76c0b81b2319339930f90189c55e8cb588923699
90,89,,127174,fr,french,french,hardened-spearmen-2,Upgrade to Hardened,upgrade,Upgrade Spearmen to Hardened Spearmen.,hardened-spearmen,Upgrade to Hardened,upgrade_unit_spearman_2,Upgrade Spearmen to Hardened Spearmen.,2,,15,35,0,0,,0,0,,0,,,v4.0.0-build:2638,4.0.0,2638,2638,1211620643,0,76c0b81b2319339930f90189c55e8cb588923699
91,90,,170246,fr,french,french,veteran-archers-3,Upgrade to Veteran,upgrade,Upgrade Archers to Veteran Archers.,veteran-archers,Upgrade to Veteran,upgrade_unit_archer_3,Upgrade Archers to Veteran Archers.,3,,100,250,0,0,,0,0,,0,,,v4.0.0-build:2638,4.0.0,2638,2638,1211620643,0,76c0b81b2319339930f90189c55e8cb588923699
92,91,,124723,fr,french,french,veteran-horsemen-3,Upgrade to Veteran,upgrade,Upgrade Horsemen to Veteran Horsemen.,veteran-horsemen,Upgrade to Veteran,upgrade_unit_horseman_3,Upgrade Horsemen to Veteran Horsemen.,3,,100,250,0,0,,0,0,,0,,,v4.0.0-build:2638,4.0.0,2638,2638,1211620643,0,76c0b81b2319339930f90189c55e8cb588923699
93,92,,133155,fr,french,french,veteran-royal-knights-3,Upgrade to Veteran,upgrade,Upgrade Royal Knights to Veteran Royal Knights.,veteran-royal-knights,Upgrade to Veteran,upgrade_unit_knight_3_fre,Upgrade Royal Knights to Veteran Royal Knights.,3,,50,125,0,0,,0,0,,0,,,v4.0.0-build:2638,4.0.0,2638,2638,1211620643,0,76c0b81b2319339930f90189c55e8cb588923699
94,93,,124662,fr,french,french,veteran-spearmen-3,Upgrade to Veteran,upgrade,Upgrade Hardened Spearmen to Veteran Spearmen.,veteran-spearmen,Upgrade to Veteran,upgrade_unit_spearman_3,Upgrade Hardened Spearmen to Veteran Spearmen.,3,,100,250,0,0,,0,0,,0,,,v4.0.0-build:2638,4.0.0,2638,2638,1211620643,0,76c0b81b2319339930f90189c55e8cb588923699
95,94,,125895,hr,hre,hre,elite-archers-4,Upgrade to Elite,upgrade,Upgrade Veteran Archers to Elite Archers.,elite-archers,Upgrade to Elite,upgrade_unit_archer_4,Upgrade Veteran Archers to Elite Archers.,4,,300,700,0,0,,0,0,,0,,,v4.0.0-build:2638,4.0.0,2638,2638,1211620643,0,76c0b81b2319339930f90189c55e8cb588923699
96,95,,124651,hr,hre,hre,elite-crossbowmen-4,Upgrade to Elite,upgrade,Upgrade Crossbowmen to Elite Crossbowmen.,elite-crossbowmen,Upgrade to Elite,upgrade_unit_crossbowman_4,Upgrade Crossbowmen to Elite Crossbowmen.,4,,300,700,0,0,,0,0,,0,,,v4.0.0-build:2638,4.0.0,2638,2638,1211620643,0,76c0b81b2319339930f90189c55e8cb588923699
97,96,,124725,hr,hre,hre,elite-horsemen-4,Upgrade to Elite,upgrade,Upgrade Veteran Horsemen to Elite Horsemen.,elite-horsemen,Upgrade to Elite,upgrade_unit_horseman_4,Upgrade Veteran Horsemen to Elite Horsemen.,4,,300,700,0,0,,0,0,,0,,,v4.0.0-build:2638,4.0.0,2638,2638,1211620643,0,76c0b81b2319339930f90189c55e8cb588923699
98,97,,124721,hr,hre,hre,elite-knights-or-lancers-4,Upgrade to Elite,upgrade,Upgrade Knights or Lancers to Elite Knights or Lancers.,elite-knights-or-lancers,Upgrade to Elite,upgrade_unit_knight_4,Upgrade Knights or Lancers to Elite Knights or Lancers.,4,,300,700,0,0,,0,0,,0,,,v4.0.0-build:2638,4.0.0,2638,2638,1211620643,0,76c0b81b2319339930f90189c55e8cb588923699
99,98,,168402,hr,hre,hre,elite-landsknechte-4,Upgrade to Elite,upgrade,Upgrade Landsknechte to Elite Landsknechte.,elite-landsknechte,Upgrade to Elite,upgrade_unit_landsknecht_4_hre,Upgrade Landsknechte to Elite Landsknechte.,4,,300,700,0,0,,0,0,,0,,,v4.0.0-build:2638,4.0.0,2638,2638,1211620643,0,76c0b81b2319339930f90189c55e8cb588923699
100,99,,168759,hr,hre,hre,elite-men-at-arms-4,Upgrade to Elite,upgrade,Upgrade Men-at-Arms to Elite Men-at-Arms.,elite-men-at-arms,Upgrade to Elite,upgrade_unit_manatarms_4_hre,Upgrade Men-at-Arms to Elite Men-at-Arms.,4,,300,700,0,0,,0,0,,0,,,v4.0.0-build:2638,4.0.0,2638,2638,1211620643,0,76c0b81b2319339930f90189c55e8cb588923699
101,100,,124659,hr,hre,hre,elite-spearmen-4,Upgrade to Elite,upgrade,Upgrade Veteran Spearmen to Elite Spearmen.,elite-spearmen,Upgrade to Elite,upgrade_unit_spearman_4,Upgrade Veteran Spearmen to Elite Spearmen.,4,,300,700,0,0,,0,0,,0,,,v4.0.0-build:2638,4.0.0,2638,2638,1211620643,0,76c0b81b2319339930f90189c55e8cb588923699
102,101,,127174,hr,hre,hre,hardened-spearmen-2,Upgrade to Hardened,upgrade,Upgrade Spearmen to Hardened Spearmen.,hardened-spearmen,Upgrade to Hardened,upgrade_unit_spearman_2,Upgrade Spearmen to Hardened Spearmen.,2,,15,35,0,0,,0,0,,0,,,v4.0.0-build:2638,4.0.0,2638,2638,1211620643,0,76c0b81b2319339930f90189c55e8cb588923699
103,102,,168041,hr,hre,hre,men-at-arms-3,Upgrade to Man-at-Arms,upgrade,Upgrade Early Men-at-Arms to Men-at-Arms.,men-at-arms,Upgrade to Man-at-Arms,upgrade_unit_manatarms_3_hre,Upgrade Early Men-at-Arms to Men-at-Arms.,3,,50,125,0,0,,0,0,,0,,,v4.0.0-build:2638,4.0.0,2638,2638,1211620643,0,76c0b81b2319339930f90189c55e8cb588923699
104,103,,170246,hr,hre,hre,veteran-archers-3,Upgrade to Veteran,upgrade,Upgrade Archers to Veteran Archers.,veteran-archers,Upgrade to Veteran,upgrade_unit_archer_3,Upgrade Archers to Veteran Archers.,3,,100,250,0,0,,0,0,,0,,,v4.0.0-build:2638,4.0.0,2638,2638,1211620643,0,76c0b81b2319339930f90189c55e8cb588923699
105,104,,124723,hr,hre,hre,veteran-horsemen-3,Upgrade to Veteran,upgrade,Upgrade Horsemen to Veteran Horsemen.,veteran-horsemen,Upgrade to Veteran,upgrade_unit_horseman_3,Upgrade Horsemen to Veteran Horsemen.,3,,100,250,0,0,,0,0,,0,,,v4.0.0-build:2638,4.0.0,2638,2638,1211620643,0,76c0b81b2319339930f90189c55e8cb588923699
106,105,,124662,hr,hre,hre,veteran-spearmen-3,Upgrade to Veteran,upgrade,Upgrade Hardened Spearmen to Veteran Spearmen.,veteran-spearmen,Upgrade to Veteran,upgrade_unit_spearman_3,Upgrade Hardened Spearmen to Veteran Spearmen.,3,,100,250,0,0,,0,0,,0,,,v4.0.0-build:2638,4.0.0,2638,2638,1211620643,0,76c0b81b2319339930f90189c55e8cb588923699
107,106,,1601627,je,jeannedarc,french_ha_01,elite-arbaletriers-4,Upgrade to Elite,upgrade,Upgrade Arbalétriers to Elite Arbalétriers.,elite-arbaletriers,Upgrade to Elite,upgrade_unit_crossbowman_4_fre,Upgrade Arbalétriers to Elite Arbalétriers.,4,,300,700,0,0,,0,0,,0,,,v4.0.0-build:2638,4.0.0,2638,2638,1211620643,0,76c0b81b2319339930f90189c55e8cb588923699
108,107,,125895,je,jeannedarc,french_ha_01,elite-archers-4,Upgrade to Elite,upgrade,Upgrade Veteran Archers to Elite Archers.,elite-archers,Upgrade to Elite,upgrade_unit_archer_4,Upgrade Veteran Archers to Elite Archers.,4,,300,700,0,0,,0,0,,0,,,v4.0.0-build:2638,4.0.0,2638,2638,1211620643,0,76c0b81b2319339930f90189c55e8cb588923699
109,108,,124725,je,jeannedarc,french_ha_01,elite-horsemen-4,Upgrade to Elite,upgrade,Upgrade Veteran Horsemen to Elite Horsemen.,elite-horsemen,Upgrade to Elite,upgrade_unit_horseman_4,Upgrade Veteran Horsemen to Elite Horsemen.,4,,300,700,0,0,,0,0,,0,,,v4.0.0-build:2638,4.0.0,2638,2638,1211620643,0,76c0b81b2319339930f90189c55e8cb588923699
110,109,,124660,je,jeannedarc,french_ha_01,elite-men-at-arms-4,Upgrade to Elite,upgrade,Upgrade Men-at-Arms to Elite Men-at-Arms.,elite-men-at-arms,Upgrade to Elite,upgrade_unit_manatarms_4,Upgrade Men-at-Arms to Elite Men-at-Arms.,4,,300,700,0,0,,0,0,,0,,,v4.0.0-build:2638,4.0.0,2638,2638,1211620643,0,76c0b81b2319339930f90189c55e8cb588923699
111,110,,133148,je,jeannedarc,french_ha_01,elite-royal-knights-4,Upgrade to Elite,upgrade,Upgrade Veteran Royal Knights to Elite Royal Knights.,elite-royal-knights,Upgrade to Elite,upgrade_unit_knight_4_fre,Upgrade Veteran Royal Knights to Elite Royal Knights.,4,,300,700,0,0,,0,0,,0,,,v4.0.0-build:2638,4.0.0,2638,2638,1211620643,0,76c0b81b2319339930f90189c55e8cb588923699
112,111,,124659,je,jeannedarc,french_ha_01,elite-spearmen-4,Upgrade to Elite,upgrade,Upgrade Veteran Spearmen to Elite Spearmen.,elite-spearmen,Upgrade to Elite,upgrade_unit_spearman_4,Upgrade Veteran Spearmen to Elite Spearmen.,4,,300,700,0,0,,0,0,,0,,,v4.0.0-build:2638,4.0.0,2638,2638,1211620643,0,76c0b81b2319339930f90189c55e8cb588923699
113,112,,127174,je,jeannedarc,french_ha_01,hardened-spearmen-2,Upgrade to Hardened,upgrade,Upgrade Spearmen to Hardened Spearmen.,hardened-spearmen,Upgrade to Hardened,upgrade_unit_spearman_2,Upgrade Spearmen to Hardened Spearmen.,2,,15,35,0,0,,0,0,,0,,,v4.0.0-build:2638,4.0.0,2638,2638,1211620643,0,76c0b81b2319339930f90189c55e8cb588923699
114,113,,170246,je,jeannedarc,french_ha_01,veteran-archers-3,Upgrade to Veteran,upgrade,Upgrade Archers to Veteran Archers.,veteran-archers,Upgrade to Veteran,upgrade_unit_archer_3,Upgrade Archers to Veteran Archers.,3,,100,250,0,0,,0,0,,0,,,v4.0.0-build:2638,4.0.0,2638,2638,1211620643,0,76c0b81b2319339930f90189c55e8cb588923699
115,114,,124723,je,jeannedarc,french_ha_01,veteran-horsemen-3,Upgrade to Veteran,upgrade,Upgrade Horsemen to Veteran Horsemen.,veteran-horsemen,Upgrade to Veteran,upgrade_unit_horseman_3,Upgrade Horsemen to Veteran Horsemen.,3,,100,250,0,0,,0,0,,0,,,v4.0.0-build:2638,4.0.0,2638,2638,1211620643,0,76c0b81b2319339930f90189c55e8cb588923699
116,115,,133155,je,jeannedarc,french_ha_01,veteran-royal-knights-3,Upgrade to Veteran,upgrade,Upgrade Royal Knights to Veteran Royal Knights.,veteran-royal-knights,Upgrade to Veteran,upgrade_unit_knight_3_fre,Upgrade Royal Knights to Veteran Royal Knights.,3,,50,125,0,0,,0,0,,0,,,v4.0.0-build:2638,4.0.0,2638,2638,1211620643,0,76c0b81b2319339930f90189c55e8cb588923699
117,116,,124662,je,jeannedarc,french_ha_01,veteran-spearmen-3,Upgrade to Veteran,upgrade,Upgrade Hardened Spearmen to Veteran Spearmen.,veteran-spearmen,Upgrade to Veteran,upgrade_unit_spearman_3,Upgrade Hardened Spearmen to Veteran Spearmen.,3,,100,250,0,0,,0,0,,0,,,v4.0.0-build:2638,4.0.0,2638,2638,1211620643,0,76c0b81b2319339930f90189c55e8cb588923699
118,117,,2074107,ma,malians,malian,elite-archers-4,Upgrade to Elite,upgrade,Upgrade Veteran Archers to Elite Archers.,elite-archers,Upgrade to Elite,upgrade_unit_archer_4_mal,Upgrade Veteran Archers to Elite Archers.,4,,300,700,0,0,,0,0,,0,,,v4.0.0-build:2638,4.0.0,2638,2638,1211620643,0,76c0b81b2319339930f90189c55e8cb588923699
119,118,,2059145,ma,malians,malian,elite-donso-4,Upgrade to Elite,upgrade,Upgrade Veteran Donso to Elite Donso.,elite-donso,Upgrade to Elite,upgrade_unit_spearman_4_mal,Upgrade Veteran Donso to Elite Donso.,4,,300,700,0,0,,0,0,,0,,,v4.0.0-build:2638,4.0.0,2638,2638,1211620643,0,76c0b81b2319339930f90189c55e8cb588923699
120,119,,2062113,ma,malians,malian,elite-javelin-thrower-4,Upgrade to Elite,upgrade,Upgrades Veteran Javelin Thrower to Elite Javelin Thrower,elite-javelin-thrower,Upgrade to Elite,upgrade_unit_javelin_4_mal,Upgrades Veteran Javelin Thrower to Elite Javelin Thrower,4,,300,700,0,0,,0,0,,0,,,v4.0.0-build:2638,4.0.0,2638,2638,1211620643,0,76c0b81b2319339930f90189c55e8cb588923699
121,120,,9000877,ma,malians,malian,elite-musofadi-4,Upgrade to Elite,upgrade,Upgrade Veteran Musofadi to Elite Musofadi.,elite-musofadi,Upgrade to Elite,upgrade_unit_mansa_musofadi_4_mal,Upgrade Veteran Musofadi to Elite Musofadi.,4,,300,700,0,0,,0,0,,0,,,v4.0.0-build:2638,4.0.0,2638,2638,1211620643,0,76c0b81b2319339930f90189c55e8cb588923699
122,121,,2059147,ma,malians,malian,elite-sofa-4,Upgrade to Elite,upgrade,Upgrade Veteran Sofa to Elite Sofa.,elite-sofa,Upgrade to Elite,upgrade_unit_horseman_4_mal,Upgrade Veteran Sofa to Elite Sofa.,4,,300,700,0,0,,0,0,,0,,,v4.0.0-build:2638,4.0.0,2638,2638,1211620643,0,76c0b81b2319339930f90189c55e8cb588923699
123,122,,2073305,ma,malians,malian,elite-warrior-scout-4,Elite Warrior Scout,upgrade,Upgrade Veteran Warrior Scout to Elite Warrior Scout,elite-warrior-scout,Elite Warrior Scout,upgrade_unit_scout_mal_4,Upgrade Veteran Warrior Scout to Elite Warrior Scout,4,,300,700,0,0,,0,0,,0,,,v4.0.0-build:2638,4.0.0,2638,2638,1211620643,0,76c0b81b2319339930f90189c55e8cb588923699
124,123,,2059143,ma,malians,malian,hardened-donso-2,Upgrade to Hardened,upgrade,Upgrade Donso to Hardened Donso.,hardened-donso,Upgrade to Hardened,upgrade_unit_spearman_2_mal,Upgrade Donso to Hardened Donso.,2,,15,35,0,0,,0,0,,0,,,v4.0.0-build:2638,4.0.0,2638,2638,1211620643,0,76c0b81b2319339930f90189c55e8cb588923699
125,124,,2073303,ma,malians,malian,upgrade-warrior-scout-2,Warrior Scout,upgrade,Upgrade Scout to Warrior Scout,upgrade-warrior-scout,Warrior Scout,upgrade_unit_scout_mal_2,Upgrade Scout to Warrior Scout,2,,15,35,0,0,,0,0,,0,,,v4.0.0-build:2638,4.0.0,2638,2638,1211620643,0,76c0b81b2319339930f90189c55e8cb588923699
126,125,,2074106,ma,malians,malian,veteran-archers-3,Upgrade to Veteran,upgrade,Upgrade Archers to Veteran Archers.,veteran-archers,Upgrade to Veteran,upgrade_unit_archer_3_mal,Upgrade Archers to Veteran Archers.,3,,50,125,0,0,,0,0,,0,,,v4.0.0-build:2638,4.0.0,2638,2638,1211620643,0,76c0b81b2319339930f90189c55e8cb588923699
127,126,,2059144,ma,malians,malian,veteran-donso-3,Upgrade to Veteran,upgrade,Upgrade Hardened Dosno to Veteran Donso.,veteran-donso,Upgrade to Veteran,upgrade_unit_spearman_3_mal,Upgrade Hardened Dosno to Veteran Donso.,3,,50,125,0,0,,0,0,,0,,,v4.0.0-build:2638,4.0.0,2638,2638,1211620643,0,76c0b81b2319339930f90189c55e8cb588923699
128,127,,2062114,ma,malians,malian,veteran-javelin-thrower-3,Upgrade to Veteran,upgrade,Upgrades Javelin Thrower to Veteran Javelin Thrower,veteran-javelin-thrower,Upgrade to Veteran,upgrade_unit_javelin_3_mal,Upgrades Javelin Thrower to Veteran Javelin Thrower,3,,50,125,0,0,,0,0,,0,,,v4.0.0-build:2638,4.0.0,2638,2638,1211620643,0,76c0b81b2319339930f90189c55e8cb588923699
129,128,,9000876,ma,malians,malian,veteran-musofadi-3,Upgrade to Veteran,upgrade,Upgrade Musofadi to Veteran Musofadi.,veteran-musofadi,Upgrade to Veteran,upgrade_unit_mansa_musofadi_3_mal,Upgrade Musofadi to Veteran Musofadi.,3,,50,125,0,0,,0,0,,0,,,v4.0.0-build:2638,4.0.0,2638,2638,1211620643,0,76c0b81b2319339930f90189c55e8cb588923699
130,129,,2059146,ma,malians,malian,veteran-sofa-3,Upgrade to Veteran,upgrade,Upgrade Sofa to Veteran Sofa.,veteran-sofa,Upgrade to Veteran,upgrade_unit_horseman_3_mal,Upgrade Sofa to Veteran Sofa.,3,,50,125,0,0,,0,0,,0,,,v4.0.0-build:2638,4.0.0,2638,2638,1211620643,0,76c0b81b2319339930f90189c55e8cb588923699
131,130,,2073304,ma,malians,malian,veteran-warrior-scout-3,Veteran Warrior Scout,upgrade,Upgrade Warrior Scout to Veteran Warrior Scout,veteran-warrior-scout,Veteran Warrior Scout,upgrade_unit_scout_mal_3,Upgrade Warrior Scout to Veteran Warrior Scout,3,,50,125,0,0,,0,0,,0,,,v4.0.0-build:2638,4.0.0,2638,2638,1211620643,0,76c0b81b2319339930f90189c55e8cb588923699
132,131,,136272,mo,mongols,mongol,elite-archers-4,Upgrade to Elite,upgrade,Upgrade Veteran Archers to Elite Archers.,elite-archers,Upgrade to Elite,upgrade_unit_archer_4_mon,Upgrade Veteran Archers to Elite Archers.,4,,300,700,0,0,,0,0,,0,,,v4.0.0-build:2638,4.0.0,2638,2638,1211620643,0,76c0b81b2319339930f90189c55e8cb588923699
133,132,,163624,mo,mongols,mongol,elite-crossbowmen-4,Upgrade to Elite,upgrade,Upgrade Crossbowmen to Elite Crossbowmen.,elite-crossbowmen,Upgrade to Elite,upgrade_unit_crossbowman_4_mon,Upgrade Crossbowmen to Elite Crossbowmen.,4,,300,700,0,0,,0,0,,0,,,v4.0.0-build:2638,4.0.0,2638,2638,1211620643,0,76c0b81b2319339930f90189c55e8cb588923699
134,133,,136266,mo,mongols,mongol,elite-horsemen-4,Upgrade to Elite,upgrade,Upgrade Veteran Horsemen to Elite Horsemen.,elite-horsemen,Upgrade to Elite,upgrade_unit_horseman_4_mon,Upgrade Veteran Horsemen to Elite Horsemen.,4,,300,700,0,0,,0,0,,0,,,v4.0.0-build:2638,4.0.0,2638,2638,1211620643,0,76c0b81b2319339930f90189c55e8cb588923699
135,134,,136267,mo,mongols,mongol,elite-keshiks-4,Upgrade to Elite,upgrade,Upgrade Veteran Keshiks to Elite Keshiks.,elite-keshiks,Upgrade to Elite,upgrade_unit_knight_4_mon,Upgrade Veteran Keshiks to Elite Keshiks.,4,,300,700,0,0,,0,0,,0,,,v4.0.0-build:2638,4.0.0,2638,2638,1211620643,0,76c0b81b2319339930f90189c55e8cb588923699
136,135,,130357,mo,mongols,mongol,elite-mangudai-4,Upgrade to Elite,upgrade,Upgrade Veteran Mangudai to Elite Mangudai.,elite-mangudai,Upgrade to Elite,upgrade_unit_horsearcher_4_mon,Upgrade Veteran Mangudai to Elite Mangudai.,4,,300,700,0,0,,0,0,,0,,,v4.0.0-build:2638,4.0.0,2638,2638,1211620643,0,76c0b81b2319339930f90189c55e8cb588923699
137,136,,136329,mo,mongols,mongol,elite-men-at-arms-4,Upgrade to Elite,upgrade,Upgrade Men-at-Arms to Elite Men-at-Arms.,elite-men-at-arms,Upgrade to Elite,upgrade_unit_manatarms_4_mon,Upgrade Men-at-Arms to Elite Men-at-Arms.,4,,300,700,0,0,,0,0,,0,,,v4.0.0-build:2638,4.0.0,2638,2638,1211620643,0,76c0b81b2319339930f90189c55e8cb588923699
138,137,,136268,mo,mongols,mongol,elite-spearmen-4,Upgrade to Elite,upgrade,Upgrade Veteran Spearmen to Elite Spearmen.,elite-spearmen,Upgrade to Elite,upgrade_unit_spearman_4_mon,Upgrade Veteran Spearmen to Elite Spearmen.,4,,300,700,0,0,,0,0,,0,,,v4.0.0-build:2638,4.0.0,2638,2638,1211620643,0,76c0b81b2319339930f90189c55e8cb588923699
139,138,,136233,mo,mongols,mongol,hardened-spearmen-2,Upgrade to Hardened,upgrade,Upgrade Spearmen to Hardened Spearmen.,hardened-spearmen,Upgrade to Hardened,upgrade_unit_spearman_2_mon,Upgrade Spearmen to Hardened Spearmen.,2,,15,35,0,0,,0,0,,0,,,v4.0.0-build:2638,4.0.0,2638,2638,1211620643,0,76c0b81b2319339930f90189c55e8cb588923699
140,139,,129562,mo,mongols,mongol,horsemen-2,Upgrade to Horseman,upgrade,Upgrade Early Horsemen to Horsemen.,horsemen,Upgrade to Horseman,upgrade_unit_horseman_2_mon,Upgrade Early Horsemen to Horsemen.,2,,15,35,0,0,,0,0,,0,,,v4.0.0-build:2638,4.0.0,2638,2638,1211620643,0,76c0b81b2319339930f90189c55e8cb588923699
141,140,,136271,mo,mongols,mongol,veteran-archers-3,Upgrade to Veteran,upgrade,Upgrade Archers to Veteran Archers.,veteran-archers,Upgrade to Veteran,upgrade_unit_archer_3_mon,Upgrade Archers to Veteran Archers.,3,,100,250,0,0,,0,0,,0,,,v4.0.0-build:2638,4.0.0,2638,2638,1211620643,0,76c0b81b2319339930f90189c55e8cb588923699
142,141,,130353,mo,mongols,mongol,veteran-horsemen-3,Upgrade to Veteran,upgrade,Upgrade Horsemen to Veteran Horsemen.,veteran-horsemen,Upgrade to Veteran,upgrade_unit_horseman_3_mon,Upgrade Horsemen to Veteran Horsemen.,3,,100,250,0,0,,0,0,,0,,,v4.0.0-build:2638,4.0.0,2638,2638,1211620643,0,76c0b81b2319339930f90189c55e8cb588923699
143,142,,129611,mo,mongols,mongol,veteran-keshiks-3,Upgrade to Veteran,upgrade,Upgrade Keshiks to Veteran Keshiks.,veteran-keshiks,Upgrade to Veteran,upgrade_unit_knight_3_mon,Upgrade Keshiks to Veteran Keshiks.,3,,50,125,0,0,,0,0,,0,,,v4.0.0-build:2638,4.0.0,2638,2638,1211620643,0,76c0b81b2319339930f90189c55e8cb588923699
144,143,,130355,mo,mongols,mongol,veteran-mangudai-3,Upgrade to Veteran,upgrade,Upgrade Mangudai to Veteran Mangudai.,veteran-mangudai,Upgrade to Veteran,upgrade_unit_horsearcher_3_mon,Upgrade Mangudai to Veteran Mangudai.,3,,100,250,0,0,,0,0,,0,,,v4.0.0-build:2638,4.0.0,2638,2638,1211620643,0,76c0b81b2319339930f90189c55e8cb588923699
145,144,,129984,mo,mongols,mongol,veteran-spearmen-3,Upgrade to Veteran,upgrade,Upgrade Hardened Spearmen to Veteran Spearmen.,veteran-spearmen,Upgrade to Veteran,upgrade_unit_spearman_3_mon,Upgrade Hardened Spearmen to Veteran Spearmen.,3,,100,250,0,0,,0,0,,0,,,v4.0.0-build:2638,4.0.0,2638,2638,1211620643,0,76c0b81b2319339930f90189c55e8cb588923699
146,145,,2146723,od,orderofthedragon,hre_ha_01,elite-gilded-archers-4,Upgrade to Elite,upgrade,Upgrade Veteran Gilded Archers to Elite Gilded Archers.,elite-gilded-archers,Upgrade to Elite,upgrade_unit_archer_4_hre_ha_01,Upgrade Veteran Gilded Archers to Elite Gilded Archers.,4,,300,700,0,0,,0,0,,0,,,v4.0.0-build:2638,4.0.0,2638,2638,1211620643,0,76c0b81b2319339930f90189c55e8cb588923699
147,146,,2146724,od,orderofthedragon,hre_ha_01,elite-gilded-crossbowmen-4,Upgrade to Elite,upgrade,Upgrade Gilded Crossbowmen to Elite Gilded Crossbowmen.,elite-gilded-crossbowmen,Upgrade to Elite,upgrade_unit_crossbowman_4_hre_ha_01,Upgrade Gilded Crossbowmen to Elite Gilded Crossbowmen.,4,,300,700,0,0,,0,0,,0,,,v4.0.0-build:2638,4.0.0,2638,2638,1211620643,0,76c0b81b2319339930f90189c55e8cb588923699
148,147,,2146727,od,orderofthedragon,hre_ha_01,elite-gilded-horsemen-4,Upgrade to Elite,upgrade,Upgrade Veteran Gilded Horsemen to Elite Gilded Horsemen.,elite-gilded-horsemen,Upgrade to Elite,upgrade_unit_horseman_4_hre_ha_01,Upgrade Veteran Gilded Horsemen to Elite Gilded Horsemen.,4,,300,700,0,0,,0,0,,0,,,v4.0.0-build:2638,4.0.0,2638,2638,1211620643,0,76c0b81b2319339930f90189c55e8cb588923699
149,148,,2146728,od,orderofthedragon,hre_ha_01,elite-gilded-knights-4,Upgrade to Elite,upgrade,Upgrade Gilded Knights to Elite Gilded Knights.,elite-gilded-knights,Upgrade to Elite,upgrade_unit_knight_4_hre_ha_01,Upgrade Gilded Knights to Elite Gilded Knights.,4,,300,700,0,0,,0,0,,0,,,v4.0.0-build:2638,4.0.0,2638,2638,1211620643,0,76c0b81b2319339930f90189c55e8cb588923699
150,149,,2146734,od,orderofthedragon,hre_ha_01,elite-gilded-landsknechte-4,Upgrade to Elite,upgrade,Upgrade Gilded Landsknechte to Elite Gilded Landsknechte.,elite-gilded-landsknechte,Upgrade to Elite,upgrade_unit_landsknecht_4_hre_ha_01,Upgrade Gilded Landsknechte to Elite Gilded Landsknechte.,4,,300,700,0,0,,0,0,,0,,,v4.0.0-build:2638,4.0.0,2638,2638,1211620643,0,76c0b81b2319339930f90189c55e8cb588923699
151,150,,2146729,od,orderofthedragon,hre_ha_01,elite-gilded-men-at-arms-4,Upgrade to Elite,upgrade,Upgrade Gilded Men-at-Arms to Elite Gilded Men-at-Arms.,elite-gilded-men-at-arms,Upgrade to Elite,upgrade_unit_manatarms_4_hre_ha_01,Upgrade Gilded Men-at-Arms to Elite Gilded Men-at-Arms.,4,,300,700,0,0,,0,0,,0,,,v4.0.0-build:2638,4.0.0,2638,2638,1211620643,0,76c0b81b2319339930f90189c55e8cb588923699
152,151,,2146732,od,orderofthedragon,hre_ha_01,elite-gilded-spearmen-4,Upgrade to Elite,upgrade,Upgrade Veteran Gilded Spearmen to Elite Gilded Spearmen.,elite-gilded-spearmen,Upgrade to Elite,upgrade_unit_spearman_4_hre_ha_01,Upgrade Veteran Gilded Spearmen to Elite Gilded Spearmen.,4,,300,700,0,0,,0,0,,0,,,v4.0.0-build:2638,4.0.0,2638,2638,1211620643,0,76c0b81b2319339930f90189c55e8cb588923699
153,152,,2146733,od,orderofthedragon,hre_ha_01,gilded-men-at-arms-3,Upgrade to Man-at-Arms,upgrade,Upgrade Early Gilded Men-at-Arms to Gilded Men-at-Arms.,gilded-men-at-arms,Upgrade to Man-at-Arms,upgrade_unit_manatarms_3_hre_ha_01,Upgrade Early Gilded Men-at-Arms to Gilded Men-at-Arms.,3,,50,125,0,0,,0,0,,0,,,v4.0.0-build:2638,4.0.0,2638,2638,1211620643,0,76c0b81b2319339930f90189c55e8cb588923699
154,153,,2146730,od,orderofthedragon,hre_ha_01,hardened-gilded-spearmen-2,Upgrade to Hardened,upgrade,Upgrade Gilded Spearmen to Hardened Gilded Spearmen.,hardened-gilded-spearmen,Upgrade to Hardened,upgrade_unit_spearman_2_hre_ha_01,Upgrade Gilded Spearmen to Hardened Gilded Spearmen.,2,,15,35,0,0,,0,0,,0,,,v4.0.0-build:2638,4.0.0,2638,2638,1211620643,0,76c0b81b2319339930f90189c55e8cb588923699
155,154,,2146722,od,orderofthedragon,hre_ha_01,veteran-gilded-archers-3,Upgrade to Veteran,upgrade,Upgrade Gilded Archers to Veteran Gilded Archers.,veteran-gilded-archers,Upgrade to Veteran,upgrade_unit_archer_3_hre_ha_01,Upgrade Gilded Archers to Veteran Gilded Archers.,3,,100,250,0,0,,0,0,,0,,,v4.0.0-build:2638,4.0.0,2638,2638,1211620643,0,76c0b81b2319339930f90189c55e8cb588923699
156,155,,2146726,od,orderofthedragon,hre_ha_01,veteran-gilded-horsemen-3,Upgrade to Veteran,upgrade,Upgrade Gilded Horsemen to Veteran Gilded Horsemen.,veteran-gilded-horsemen,Upgrade to Veteran,upgrade_unit_horseman_3_hre_ha_01,Upgrade Gilded Horsemen to Veteran Gilded Horsemen.,3,,100,250,0,0,,0,0,,0,,,v4.0.0-build:2638,4.0.0,2638,2638,1211620643,0,76c0b81b2319339930f90189c55e8cb588923699
157,156,,2146731,od,orderofthedragon,hre_ha_01,veteran-gilded-spearmen-3,Upgrade to Veteran,upgrade,Upgrade Hardened Gilded Spearmen to Veteran Gilded Spearmen.,veteran-gilded-spearmen,Upgrade to Veteran,upgrade_unit_spearman_3_hre_ha_01,Upgrade Hardened Gilded Spearmen to Veteran Gilded Spearmen.,3,,100,250,0,0,,0,0,,0,,,v4.0.0-build:2638,4.0.0,2638,2638,1211620643,0,76c0b81b2319339930f90189c55e8cb588923699
158,157,,125895,ot,ottomans,ottoman,elite-archers-4,Upgrade to Elite,upgrade,Upgrade Veteran Archers to Elite Archers.,elite-archers,Upgrade to Elite,upgrade_unit_archer_4,Upgrade Veteran Archers to Elite Archers.,4,,300,700,0,0,,0,0,,0,,,v4.0.0-build:2638,4.0.0,2638,2638,1211620643,0,76c0b81b2319339930f90189c55e8cb588923699
159,158,,9000526,ot,ottomans,ottoman,elite-cavalry-archer-4,Upgrade to Elite,upgrade,Upgrade Veteran Cavalry Archer to Elite Cavalry Archer.,elite-cavalry-archer,Upgrade to Elite,upgrade_unit_horsearcher_4_ott,Upgrade Veteran Cavalry Archer to Elite Cavalry Archer.,4,,150,350,0,0,,0,0,,0,,,v4.0.0-build:2638,4.0.0,2638,2638,1211620643,0,76c0b81b2319339930f90189c55e8cb588923699
160,159,,124651,ot,ottomans,ottoman,elite-crossbowmen-4,Upgrade to Elite,upgrade,Upgrade Crossbowmen to Elite Crossbowmen.,elite-crossbowmen,Upgrade to Elite,upgrade_unit_crossbowman_4,Upgrade Crossbowmen to Elite Crossbowmen.,4,,300,700,0,0,,0,0,,0,,,v4.0.0-build:2638,4.0.0,2638,2638,1211620643,0,76c0b81b2319339930f90189c55e8cb588923699
161,160,,2060003,ot,ottomans,ottoman,elite-janissary-4,Upgrade to Elite,upgrade,Upgrade Janissary to Elite Janissary.,elite-janissary,Upgrade to Elite,upgrade_unit_handcannon_4_ott,Upgrade Janissary to Elite Janissary.,4,,150,350,0,0,,0,0,,0,,,v4.0.0-build:2638,4.0.0,2638,2638,1211620643,0,76c0b81b2319339930f90189c55e8cb588923699
162,161,,124721,ot,ottomans,ottoman,elite-knights-or-lancers-4,Upgrade to Elite,upgrade,Upgrade Knights or Lancers to Elite Knights or Lancers.,elite-knights-or-lancers,Upgrade to Elite,upgrade_unit_knight_4,Upgrade Knights or Lancers to Elite Knights or Lancers.,4,,300,700,0,0,,0,0,,0,,,v4.0.0-build:2638,4.0.0,2638,2638,1211620643,0,76c0b81b2319339930f90189c55e8cb588923699
163,162,,124660,ot,ottomans,ottoman,elite-men-at-arms-4,Upgrade to Elite,upgrade,Upgrade Men-at-Arms to Elite Men-at-Arms.,elite-men-at-arms,Upgrade to Elite,upgrade_unit_manatarms_4,Upgrade Men-at-Arms to Elite Men-at-Arms.,4,,300,700,0,0,,0,0,,0,,,v4.0.0-build:2638,4.0.0,2638,2638,1211620643,0,76c0b81b2319339930f90189c55e8cb588923699
164,163,,2063089,ot,ottomans,ottoman,elite-sipahi-4,Upgrade to Elite,upgrade,Upgrade Veteran Sipahi to Elite Sipahi.,elite-sipahi,Upgrade to Elite,upgrade_unit_horseman_4_ott,Upgrade Veteran Sipahi to Elite Sipahi.,4,,300,700,0,0,,0,0,,0,,,v4.0.0-build:2638,4.0.0,2638,2638,1211620643,0,76c0b81b2319339930f90189c55e8cb588923699
165,164,,124659,ot,ottomans,ottoman,elite-spearmen-4,Upgrade to Elite,upgrade,Upgrade Veteran Spearmen to Elite Spearmen.,elite-spearmen,Upgrade to Elite,upgrade_unit_spearman_4,Upgrade Veteran Spearmen to Elite Spearmen.,4,,300,700,0,0,,0,0,,0,,,v4.0.0-build:2638,4.0.0,2638,2638,1211620643,0,76c0b81b2319339930f90189c55e8cb588923699
166,165,,127174,ot,ottomans,ottoman,hardened-spearmen-2,Upgrade to Hardened,upgrade,Upgrade Spearmen to Hardened Spearmen.,hardened-spearmen,Upgrade to Hardened,upgrade_unit_spearman_2,Upgrade Spearmen to Hardened Spearmen.,2,,15,35,0,0,,0,0,,0,,,v4.0.0-build:2638,4.0.0,2638,2638,1211620643,0,76c0b81b2319339930f90189c55e8cb588923699
167,166,,170246,ot,ottomans,ottoman,veteran-archers-3,Upgrade to Veteran,upgrade,Upgrade Archers to Veteran Archers.,veteran-archers,Upgrade to Veteran,upgrade_unit_archer_3,Upgrade Archers to Veteran Archers.,3,,100,250,0,0,,0,0,,0,,,v4.0.0-build:2638,4.0.0,2638,2638,1211620643,0,76c0b81b2319339930f90189c55e8cb588923699
168,167,,9000525,ot,ottomans,ottoman,veteran-cavalry-archer-3,Upgrade to Veteran,upgrade,Upgrade Cavalry Archer to Veteran Cavalry Archer.,veteran-cavalry-archer,Upgrade to Veteran,upgrade_unit_horsearcher_3_ott,Upgrade Cavalry Archer to Veteran Cavalry Archer.,3,,50,125,0,0,,0,0,,0,,,v4.0.0-build:2638,4.0.0,2638,2638,1211620643,0,76c0b81b2319339930f90189c55e8cb588923699
169,168,,2063088,ot,ottomans,ottoman,veteran-sipahi-3,Upgrade to Veteran,upgrade,Upgrade Sipahi to Veteran Sipahi.,veteran-sipahi,Upgrade to Veteran,upgrade_unit_horseman_3_ott,Upgrade Sipahi to Veteran Sipahi.,3,,100,250,0,0,,0,0,,0,,,v4.0.0-build:2638,4.0.0,2638,2638,1211620643,0,76c0b81b2319339930f90189c55e8cb588923699
170,169,,124662,ot,ottomans,ottoman,veteran-spearmen-3,Upgrade to Veteran,upgrade,Upgrade Hardened Spearmen to Veteran Spearmen.,veteran-spearmen,Upgrade to Veteran,upgrade_unit_spearman_3,Upgrade Hardened Spearmen to Veteran Spearmen.,3,,100,250,0,0,,0,0,,0,,,v4.0.0-build:2638,4.0.0,2638,2638,1211620643,0,76c0b81b2319339930f90189c55e8cb588923699
171,170,,125895,ru,rus,rus,elite-archers-4,Upgrade to Elite,upgrade,Upgrade Veteran Archers to Elite Archers.,elite-archers,Upgrade to Elite,upgrade_unit_archer_4,Upgrade Veteran Archers to Elite Archers.,4,,300,700,0,0,,0,0,,0,,,v4.0.0-build:2638,4.0.0,2638,2638,1211620643,0,76c0b81b2319339930f90189c55e8cb588923699
172,171,,124651,ru,rus,rus,elite-crossbowmen-4,Upgrade to Elite,upgrade,Upgrade Crossbowmen to Elite Crossbowmen.,elite-crossbowmen,Upgrade to Elite,upgrade_unit_crossbowman_4,Upgrade Crossbowmen to Elite Crossbowmen.,4,,300,700,0,0,,0,0,,0,,,v4.0.0-build:2638,4.0.0,2638,2638,1211620643,0,76c0b81b2319339930f90189c55e8cb588923699
173,172,,133501,ru,rus,rus,elite-horse-archers-4,Upgrade to Elite,upgrade,Upgrade Horse Archers to Elite Horse Archers.,elite-horse-archers,Upgrade to Elite,upgrade_unit_horsearcher_4_rus,Upgrade Horse Archers to Elite Horse Archers.,4,,300,700,0,0,,0,0,,0,,,v4.0.0-build:2638,4.0.0,2638,2638,1211620643,0,76c0b81b2319339930f90189c55e8cb588923699
174,173,,124725,ru,rus,rus,elite-horsemen-4,Upgrade to Elite,upgrade,Upgrade Veteran Horsemen to Elite Horsemen.,elite-horsemen,Upgrade to Elite,upgrade_unit_horseman_4,Upgrade Veteran Horsemen to Elite Horsemen.,4,,300,700,0,0,,0,0,,0,,,v4.0.0-build:2638,4.0.0,2638,2638,1211620643,0,76c0b81b2319339930f90189c55e8cb588923699
175,174,,133503,ru,rus,rus,elite-knights-4,Upgrade to Elite,upgrade,Upgrade Knights to Elite Knights.,elite-knights,Upgrade to Elite,upgrade_unit_knight_4_rus,Upgrade Knights to Elite Knights.,4,,300,700,0,0,,0,0,,0,,,v4.0.0-build:2638,4.0.0,2638,2638,1211620643,0,76c0b81b2319339930f90189c55e8cb588923699
176,175,,124660,ru,rus,rus,elite-men-at-arms-4,Upgrade to Elite,upgrade,Upgrade Men-at-Arms to Elite Men-at-Arms.,elite-men-at-arms,Upgrade to Elite,upgrade_unit_manatarms_4,Upgrade Men-at-Arms to Elite Men-at-Arms.,4,,300,700,0,0,,0,0,,0,,,v4.0.0-build:2638,4.0.0,2638,2638,1211620643,0,76c0b81b2319339930f90189c55e8cb588923699
177,176,,124659,ru,rus,rus,elite-spearmen-4,Upgrade to Elite,upgrade,Upgrade Veteran Spearmen to Elite Spearmen.,elite-spearmen,Upgrade to Elite,upgrade_unit_spearman_4,Upgrade Veteran Spearmen to Elite Spearmen.,4,,300,700,0,0,,0,0,,0,,,v4.0.0-build:2638,4.0.0,2638,2638,1211620643,0,76c0b81b2319339930f90189c55e8cb588923699
178,177,,127174,ru,rus,rus,hardened-spearmen-2,Upgrade to Hardened,upgrade,Upgrade Spearmen to Hardened Spearmen.,hardened-spearmen,Upgrade to Hardened,upgrade_unit_spearman_2,Upgrade Spearmen to Hardened Spearmen.,2,,15,35,0,0,,0,0,,0,,,v4.0.0-build:2638,4.0.0,2638,2638,1211620643,0,76c0b81b2319339930f90189c55e8cb588923699
179,178,,133502,ru,rus,rus,knights-3,Upgrade to Knight,upgrade,Upgrade Early Knights to Knights.,knights,Upgrade to Knight,upgrade_unit_knight_3_rus,Upgrade Early Knights to Knights.,3,,50,125,0,0,,0,0,,0,,,v4.0.0-build:2638,4.0.0,2638,2638,1211620643,0,76c0b81b2319339930f90189c55e8cb588923699
180,179,,170246,ru,rus,rus,veteran-archers-3,Upgrade to Veteran,upgrade,Upgrade Archers to Veteran Archers.,veteran-archers,Upgrade to Veteran,upgrade_unit_archer_3,Upgrade Archers to Veteran Archers.,3,,100,250,0,0,,0,0,,0,,,v4.0.0-build:2638,4.0.0,2638,2638,1211620643,0,76c0b81b2319339930f90189c55e8cb588923699
181,180,,124723,ru,rus,rus,veteran-horsemen-3,Upgrade to Veteran,upgrade,Upgrade Horsemen to Veteran Horsemen.,veteran-horsemen,Upgrade to Veteran,upgrade_unit_horseman_3,Upgrade Horsemen to Veteran Horsemen.,3,,100,250,0,0,,0,0,,0,,,v4.0.0-build:2638,4.0.0,2638,2638,1211620643,0,76c0b81b2319339930f90189c55e8cb588923699
182,181,,124662,ru,rus,rus,veteran-spearmen-3,Upgrade to Veteran,upgrade,Upgrade Hardened Spearmen to Veteran Spearmen.,veteran-spearmen,Upgrade to Veteran,upgrade_unit_spearman_3,Upgrade Hardened Spearmen to Veteran Spearmen.,3,,100,250,0,0,,0,0,,0,,,v4.0.0-build:2638,4.0.0,2638,2638,1211620643,0,76c0b81b2319339930f90189c55e8cb588923699
183,182,,124651,zx,zhuxi,chinese_ha_01,elite-crossbowmen-4,Upgrade to Elite,upgrade,Upgrade Crossbowmen to Elite Crossbowmen.,elite-crossbowmen,Upgrade to Elite,upgrade_unit_crossbowman_4,Upgrade Crossbowmen to Elite Crossbowmen.,4,,300,700,0,0,,0,0,,0,,,v4.0.0-build:2638,4.0.0,2638,2638,1211620643,0,76c0b81b2319339930f90189c55e8cb588923699
184,183,,124725,zx,zhuxi,chinese_ha_01,elite-horsemen-4,Upgrade to Elite,upgrade,Upgrade Veteran Horsemen to Elite Horsemen.,elite-horsemen,Upgrade to Elite,upgrade_unit_horseman_4,Upgrade Veteran Horsemen to Elite Horsemen.,4,,300,700,0,0,,0,0,,0,,,v4.0.0-build:2638,4.0.0,2638,2638,1211620643,0,76c0b81b2319339930f90189c55e8cb588923699
185,184,,124721,zx,zhuxi,chinese_ha_01,elite-knights-or-lancers-4,Upgrade to Elite,upgrade,Upgrade Knights or Lancers to Elite Knights or Lancers.,elite-knights-or-lancers,Upgrade to Elite,upgrade_unit_knight_4,Upgrade Knights or Lancers to Elite Knights or Lancers.,4,,300,700,0,0,,0,0,,0,,,v4.0.0-build:2638,4.0.0,2638,2638,1211620643,0,76c0b81b2319339930f90189c55e8cb588923699
186,185,,2138273,zx,zhuxi,chinese_ha_01,elite-palace-guards-4,Upgrade to Elite,upgrade,Upgrade Palace Guards to Elite Palace Guards.,elite-palace-guards,Upgrade to Elite,upgrade_unit_manatarms_4_chi_ha_01,Upgrade Palace Guards to Elite Palace Guards.,4,,300,700,0,0,,0,0,,0,,,v4.0.0-build:2638,4.0.0,2638,2638,1211620643,0,76c0b81b2319339930f90189c55e8cb588923699
187,186,,124659,zx,zhuxi,chinese_ha_01,elite-spearmen-4,Upgrade to Elite,upgrade,Upgrade Veteran Spearmen to Elite Spearmen.,elite-spearmen,Upgrade to Elite,upgrade_unit_spearman_4,Upgrade Veteran Spearmen to Elite Spearmen.,4,,300,700,0,0,,0,0,,0,,,v4.0.0-build:2638,4.0.0,2638,2638,1211620643,0,76c0b81b2319339930f90189c55e8cb588923699
188,187,,2130241,zx,zhuxi,chinese_ha_01,elite-zhuge-nu-4,Upgrade to Elite,upgrade,Upgrade Veteran Zhuge Nu to Elite Zhuge Nu.,elite-zhuge-nu,Upgrade to Elite,upgrade_unit_repeater_crossbow_4_chi_ha_01,Upgrade Veteran Zhuge Nu to Elite Zhuge Nu.,4,,300,700,0,0,,0,0,,0,,,v4.0.0-build:2638,4.0.0,2638,2638,1211620643,0,76c0b81b2319339930f90189c55e8cb588923699
189,188,,9000378,zx,zhuxi,chinese_ha_01,grenadiers-4,Upgrade to Grenadiers,upgrade,Upgrade Early Grenadiers to Grenadiers.,grenadiers,Upgrade to Grenadiers,upgrade_unit_grenadier_4_chi_ha_01,Upgrade Early Grenadiers to Grenadiers.,4,,150,350,0,0,,0,0,,0,,,v4.0.0-build:2638,4.0.0,2638,2638,1211620643,0,76c0b81b2319339930f90189c55e8cb588923699
190,189,,127174,zx,zhuxi,chinese_ha_01,hardened-spearmen-2,Upgrade to Hardened,upgrade,Upgrade Spearmen to Hardened Spearmen.,hardened-spearmen,Upgrade to Hardened,upgrade_unit_spearman_2,Upgrade Spearmen to Hardened Spearmen.,2,,15,35,0,0,,0,0,,0,,,v4.0.0-build:2638,4.0.0,2638,2638,1211620643,0,76c0b81b2319339930f90189c55e8cb588923699
191,190,,2138272,zx,zhuxi,chinese_ha_01,palace-guards-3,Upgrade to Palace Guards,upgrade,Upgrade Early Palace Guards to Palace Guards.,palace-guards,Upgrade to Palace Guards,upgrade_unit_manatarms_3_chi_ha_01,Upgrade Early Palace Guards to Palace Guards.,3,,50,125,0,0,,0,0,,0,,,v4.0.0-build:2638,4.0.0,2638,2638,1211620643,0,76c0b81b2319339930f90189c55e8cb588923699
192,191,,124723,zx,zhuxi,chinese_ha_01,veteran-horsemen-3,Upgrade to Veteran,upgrade,Upgrade Horsemen to Veteran Horsemen.,veteran-horsemen,Upgrade to Veteran,upgrade_unit_horseman_3,Upgrade Horsemen to Veteran Horsemen.,3,,100,250,0,0,,0,0,,0,,,v4.0.0-build:2638,4.0.0,2638,2638,1211620643,0,76c0b81b2319339930f90189c55e8cb588923699
193,192,,124662,zx,zhuxi,chinese_ha_01,veteran-spearmen-3,Upgrade to Veteran,upgrade,Upgrade Hardened Spearmen to Veteran Spearmen.,veteran-spearmen,Upgrade to Veteran,upgrade_unit_spearman_3,Upgrade Hardened Spearmen to Veteran Spearmen.,3,,100,250,0,0,,0,0,,0,,,v4.0.0-build:2638,4.0.0,2638,2638,1211620643,0,76c0b81b2319339930f90189c55e8cb588923699
194,193,,2130240,zx,zhuxi,chinese_ha_01,veteran-zhuge-nu-3,Upgrade to Veteran,upgrade,Upgrade Zhuge Nu to Veteran Zhuge Nu.,veteran-zhuge-nu,Upgrade to Veteran,upgrade_unit_repeater_crossbow_3_chi_ha_01,Upgrade Zhuge Nu to Veteran Zhuge Nu.,3,,100,250,0,0,,0,0,,0,,,v4.0.0-build:2638,4.0.0,2638,2638,1211620643,0,76c0b81b2319339930f90189c55e8cb588923699
